Name,Address,Category,Phone,Emails
Hansen Auction & Realty,"1898 320 Rd, Beloit, KS 67420",Real estate agent,(785) 738-8932,"contact@hansen-auction.com,luke@hansen-auction.com,josh@hansen-auction.com,heather@hansen-auction.com,bill@hansen-auction.com,ginachit@gmail.com,privacyresponse@sandhills.com,luke@hansenonlineauction.com,contact@hansenonlineauction.com,braydenmperez11@gmail.com"
Wildlife Properties Land Company LLC,"110 E 8th St, Beloit, KS 67420",Real estate agent,(785) 620-3061,"nick@mywildlifeproperty.com,Arloa@mywildlifeproperty.com,chris@mywildlifeproperty.com,contact@mywildlifeproperty.com,info@mywildlifeproperty.com"
Mid America Real Estate,"701 3rd St, Phillipsburg, KS 67661",Real estate agent,(785) 543-5300,"danielsheinze06@gmail.com,rhondajkeesee@gmail.com"
"Munsch Real Estate & Auction, LLC.","223 E 8th St, Hays, KS 67601",Real estate agent,(785) 628-1900,"bmunsch@ruraltel.net,bob@munschrealty.com,Gabetoon@munschrealty.com"
Kansasland Realty & Auction,"Phillipsburg, KS 67661",Real estate agent,,kansaslandrealtors@yahoo.com
Advantage Realty,"811 N Kansas St, Russell, KS 67665",Real estate agent,(785) 483-5853,jroland@robertsofdunnellon.com
Clear View Realty,"702 Main St, Alma, NE 68920",Real estate agent,(308) 325-7994,"austin@myclearviewrealty.com,leslee@myclearviewrealty.com,colby@myclearviewrealty.com,Webstacey@myclearviewrealty.com,stacey@myclearviewrealty.com,Austin@myclearviewrealty.com"
"Advanced Real Estate Co., PA","219 W 10th St, Hays, KS 67601",Real estate agent,(785) 628-0525,"office@advancedhays.com,sajco@emirates.net.ae,admin@davidsonscleaningservices.co.uk"
"RE/MAX, LLC","5075 S Syracuse St, Denver, CO 80237",Real estate agent,(303) 770-5531,
Coldwell Banker Executive Realty,"2201 Vine St, Hays, KS 67601",Real estate agent,(785) 301-2699,"contact@cbhays.com,rmreadle@gmail.com,crystalbhendricks@gmail.com"
About You Realty,"527 S Fossil St, Russell, KS 67665",Real estate agent,(785) 445-4146,"Kendra@aboutyourealty.com,traci@aboutyourealty.com"
GTA Real Estate Group,"501 N Webster St, Red Cloud, NE 68970",Real estate agent,(402) 746-0347,bridget@gtarealtybridgetdaehling.com
"Steph Holdinghausen, REALTOR","Private Address in Carr Creek, Kansas",Real estate agent,(605) 484-6781,buysellwithsteph@gmail.com
RE/MAX Pro of Hays,"1222 E 27th St, Hays, KS 67601",Real estate agent,(785) 621-5400,info@theashdesigns.com
Hayden Outdoors Real Estate,"1312 Main St, Hays, KS 67601",Real estate agent,(785) 621-2044,"admin@haydenoutdoors.com,tcornell@haydenoutdoors.com,johng@haydenoutdoors.com,jimdigby@haydenoutdoors.com,billvacek@haydenoutdoors.com,marketing@haydenoutdoors.com,mike.mt@haydenoutdoors.com,caseyhildreth@haydenoutdoors.com,twila@haydenoutdoors.com,Aaron.baumann@haydenoutdoors.com,chadwell@haydenoutdoors.com"
The Erica Mowrey Team - Realtors,"Private Address in Township 2, Kansas",Real estate agent,(570) 994-4127,"erica@soldwithmowrey.com,esther@soldwithmowrey.com"
"Hamit Land & Auction, Inc.","104 N Walnut St, Stockton, KS 67669",Real estate,(785) 425-6585,"don@hamitauction.com,jim@hamitauction.com,jason@hamitauction.com,jtkisner@hotmail.com,miltcarlin@gmail.com"
"Miranda Houston, REALTOR®","Private Address in Sulphur Springs, Texas",Real estate agent,(936) 332-4321,"Privacy@move.com,Webmaster@move.com,legalnotices@move.com,customercare@realtor.com,realtorrentals@move.com,te8007@naver.com"
Bricks Realty LLC,"3533 S Archer Ave, Chicago, IL 60609",Real estate agent,(312) 545-1690,"Privacy@move.com,Webmaster@move.com,legalnotices@move.com,customercare@realtor.com,realtorrentals@move.com,te8007@naver.com"
Wolters Auction & Real Estate,"627 Market St, Portis, KS 67474",Retail,(785) 346-2071,info@wh.co.za
Savills Margaret Street Estate Agents,"33 Margaret St, London W1G 0JD",Real estate agent,020 7499 8644,"dpo@savills.com,complaints@savills.com,NMcGinnis@savills.com,laurence.greenblatt@savillsim.com,libbi.millett@savills.com,auctions@savills.com,info@savills.co.uk"
Realtor Limited,"Westgate House West Gate, London W5 1YY",Real estate,020 7140 0190,"Privacy@move.com,Webmaster@move.com,legalnotices@move.com,customercare@realtor.com,realtorrentals@move.com,te8007@naver.com"
Golden Edge Realty,"214 N 6th St, Wa Keeney, KS 67672",Real estate agent,(866) 919-9071,"Contact.Us@GoldenEdgeRealty.com,John@goldenedgerealty.com,estatecorner.service@gmail.com"
"Tim Cossaart, Realtor","Private Address in Munjor, Kansas",Real estate agent,(785) 639-6395,
Myrietta Leach - Keller Williams Realty,"107 E 27th St, Hays, KS 67601",Real estate agent,(785) 650-4370,"mleach@kw.com,compliance@placester.com"
"Sara Carroll, EXP Realty","Private Address in Pittsburg, Kansas",Real estate agent,(775) 229-3999,
Bel Air Realty,"1501 Vine St, Hays, KS 67601",Real estate agent,(785) 628-3234,"iggy@belair.com.mt,belair@penfedrealty.com"
Elite Realty Land & Auction,"700 W 48th St, Hays, KS 67601",Real estate agent,(785) 621-2100,"office@nationsauction.com,johnh@eliterealtyks.com,rlhayes@ruraltel.net"
Warne Real Estate,"1562 170 Rd, Mankato, KS 66956",Real estate agent,(785) 648-0226,John.Smith@warnerealestate.com
Chris Wagner Wildlife Properties Land Co,"110 E 8th St, Beloit, KS 67420",Real estate agent,(785) 534-7184,"nick@mywildlifeproperty.com,Arloa@mywildlifeproperty.com,chris@mywildlifeproperty.com,contact@mywildlifeproperty.com,info@mywildlifeproperty.com"
Farmland Auction & Realty Co. Inc,"1390 E 8th St, Hays, KS 67601",Real estate agent,(785) 628-2851,farmland@farmlandauction.com
"Landmarkrealty, LLC.","120 E 12th St, Hays, KS 67601",Real estate,(785) 628-2861,"info@landmarkrealtyhays.com,katie@landmarkrealtyhays.com,customercarealexa@sonaesierra.com,office@landmarkrealtyhays.com,corporate@lhmh.co.th"
"Patricia M. Stull, Coldwell Banker Executive Realty","2201 Vine St, Hays, KS 67601",Real estate agent,(785) 623-1723,"patty@pattystull.com,jennyfersellshomes@gmail.com,dataprivacy@anywhere.re"
Covenant Realty,"102 1/2 S Kansas Ave, Norton, KS 67654",Real estate agent,(785) 202-0410,"info@choosecovenantrealty.com,kenzieunterseher@gmail.com"
"Cole Schumacher Land Agent, Midwest Land Group","Private Address in Big Creek, Kansas",Real estate agent,(785) 624-3191,"jayers@midwestlandgroup.com,dkissel@midwestlandgroup.com,orbdoudican@midwestlandgroup.com,ksteinfeldt@midwestlandgroup.com,sreid@midwestlandgroup.com,khammeke@midwestlandgroup.com,JOwens@midwestlandgroup.com,jean.1703@hotmail.com,lschroeder@midwestlandgroup.com,wwiest@midwestlandgroup.com,dmozdren@midwestlandgroup.com"
Clear View Realty,"327 Ogden St, Oxford, NE 68967",Real estate agent,(308) 823-3000,"austin@myclearviewrealty.com,leslee@myclearviewrealty.com,colby@myclearviewrealty.com,Webstacey@myclearviewrealty.com,stacey@myclearviewrealty.com,Austin@myclearviewrealty.com"
Ag West Land Brokers Joel Grams,"658 32 Rd, Minden, NE 68959",Real estate agent,(308) 830-0166,"joel.grams@agwestland.com,Webjeff.moon@agwestland.com,landupdate@agwestland.com,membership.director@icmai.in,development@icmc.net,Jeff.Moon@AgWestLand.com,clayton.esslinger@agwestland.com,Mikayla.boge@agwestland.com,larryf@ksufoundation.org,esslinger@agwestland.com,jeff.moon@agwestland.com"
Sunrise Properties,"24A Pier Market Pl, Narragansett, RI 02882",Property management,(401) 515-7700,hello@sunrisepropertiesri.com
Edge Realty,"1007 Boston Neck Rd, Narragansett, RI 02882",Real estate agent,(401) 783-1007,"info@edgerealtyintl.com,support@luxurypresence.com,dena@edgerealtyri.com"
KEY Real Estate,"585 Kingstown Rd, Wakefield, RI 02879",Real estate agent,(401) 661-9040,
Team KEY | KEY Real Estate Services,"585 Kingstown Rd, Wakefield, RI 02879",Real estate agent,(401) 329-9722,"teamkey.re@gmail.com,support@ylopo.com"
Phillips Real Estate,"30 Water St, New Shoreham, RI 02807",Real estate agent,(401) 466-8806,info@phillipsonbi.com
Sullivan Sotheby's International Realty,"434 Water St, New Shoreham, RI 02807",Real estate agent,(401) 466-5521,"info@sullivanbi.com,becky@sullivanbi.com"
Durkin Cottage Realty,"815 Point Judith Rd, Narragansett, RI 02882",Real estate agent,(401) 789-6659,"office@durkincottages.com,jim@durkincottages.com,jim@dukinreal.com"
Lighthouse Real Estate Group,"40 Main St, Wakefield, RI 02879",Real estate agent,(401) 789-6700,"johnb@lighthouseri.com,maggie@lighthouseri.com,jill@lighthouseri.com,info@lighthouseRI.com,mattymahar@gmail.com,annesellsproperties@gmail.com,eric@lighthouseri.com,rich@lighthouseri.com,mstewart@lighthouseri.com,lisa@lighthouseri.com,will@lighthouseri.com"
Narragansett Properties,"91 Point Judith Rd, Narragansett, RI 02882",Real estate agent,(401) 783-1155,"summer@narrprop.com,students@narrprop.com,info@narrprop.com,office@narrprop.com"
Beach Real Estate,"84 Chapel St, New Shoreham, RI 02807",Real estate agent,(401) 466-2312,"info@biBeachRealEstate.com,info@bibeachrealestate.com,www.blockislandbabyservice@msn.com"
"Teri Degnan Real Estate & Consulting, LTD","38 Bellevue Ave, Newport, RI 02840",Real estate agent,(401) 619-8222,"teri@teridegnan.com,privacy@unionstreetmedia.com,cdeperro@teridegnan.com,ecoombs@teridegnan.com,info@unionstmedia.com,pmcgrath@teridegnan.com"
Hogan Associates Christie's International Real Estate,"129 Bellevue Ave, Newport, RI 02840",Real estate agent,(401) 680-6588,"info@hoganassociatesre.com,Tom@tomrao.com,tom@hoganassociatesre.com,cd@hoganassociatesre.com"
Block Island Realty,"596 Corn Neck Rd, New Shoreham, RI 02807",Real estate agent,(401) 466-5887,"birealty@birealty.com,connie@birealty.com,kate@birealty.com,julie@birealty.com,legalnotices@lwolf.com"
Residential Properties Ltd,"181 Bellevue Ave, Newport, RI 02840",Real estate agent,(401) 619-5622,"Listings@residentialproperties.com,dzangari@residentialproperties.com,sfilho@prusikgroup.com,clientservices@residentialproperties.com,Ecournoyer@residentialproperties.com,emessier@residentialproperties.com,listings@residentialproperties.com,consular.ankara@nje.go.tz"
Ann O'Brien Realty,"196 Ocean Rd, Narragansett, RI 02882",Real estate agent,(401) 782-3900,"info@annobrienrealty.com,profiles@birdeye.com,Mail@ProvidenceOnline.com,hello@annobrienrealty.com"
Kirby Properties,"Houston Ave, Newport, RI 02840",Real estate agent,(401) 846-1010,sharyn@kirbyprop.com
Compass Real Estate,"235 Main St, Wakefield, RI 02879",Real estate agent,(401) 783-9611,"press@compass.com,opt-out@compass.com,optout@compass.com,feedback@compass.com,notices@compass.com,info@compass.com,Email：sales@websensor.com,robert.peters@compass.com,tc@compass.com,jamie.cantor@compass.com"
Mott & Chace Sotheby's International Realty,"20 Narragansett Ave, Narragansett, RI 02882",Real estate agent,(401) 789-8899,"judy.chace@mottandchace.com,theenrightgroup@mottandchace.com,bruce.cutting@mottandchace.com,allie.shore@mottandchace.com,michael.mosca@mottandchace.com,dataprivacy@anywhere.re,DMCA@haynesboone.com,donna.simmons@mottandchace.com,lisa.pagano@mottandchace.com,bridgette.soby@mottandchace.com,sarah.huard@mottandchace.com"
Landings Real Estate Group,"543 Thames St, Newport, RI 02840",Real estate agent,(401) 845-2200,"info@landingsgroup.com,bwerner@landingsgroup.com,cbicho@landingsgroup.com,cholt@landingsgroup.com,nfield@landingsgroup.com,mwilliams@landingsgroup.com,sodonnell@landingsgroup.com,sdicristoforo@landingsgroup.com,mwilson@landingsgroup.com,rlachance@landingsgroup.com"
Southern RI Appraisal,"140 Point Judith Rd, Narragansett, RI 02882",Real estate,(401) 932-4537,
The Local Group of Lila Delman Compass,"41 Ocean Rd, Narragansett, RI 02882",Real estate agent,(401) 363-3710,"TheLocalGroup@liladelman.com,support@luxurypresence.com,patrick.farrell@liladelman.com"
RE/MAX Professionals of Newport,"55 Memorial Blvd, Newport, RI 02840",Real estate agent,(401) 849-0100,
Compass Management Corporation,"35 Powel Ave, Newport, RI 02840",Property management,(401) 203-3278,
Island Realty at Residential Properties Ltd.,"4 E Ferry Wharf, Jamestown, RI 02835",Real estate agent,(401) 423-2200,"clientservices@residentialproperties.com,info@unionstmedia.com"
OUR Real Estate,"433 Thames St, Newport, RI 02840",Real estate agent,(401) 835-7778,"info@our-realestate.com,support@luxurypresence.com,info@clenix.com"
Lila Delman Compass Narragansett,"235 Main St, Wakefield, RI 02879",Real estate agent,(401) 789-6666,"linda.cody@liladelman.com,linda.kaley@liladelman.com,cody@liladelman.com,Details@LilaDelman.com,website@liladelman.com,kate.leonard@liladelman.com,larry.burns@liladelman.com,leonard@liladelman.com,burns@liladelman.com"
William Raveis Inspire - Newport,"268 Bellevue Ave, Newport, RI 02840",Real estate agent,(401) 846-3800,"chris.evensen@raveis.com,alex.riccardi@raveis.com,JupiterIsland@raveis.com,contact@raveis.com,Tara.Goldstein@Raveis.com,Kraig.Binick@raveis.com,Natalie.Kirstein@raveis.com,naples@raveis.com,Nick.Solimene@Raveis.com,Brian.Skelly@Raveis.com,Support@raveis.com,Stacey.Matthews@raveis.com,Matthews@raveis.com,Hannah.Read@raveis.com,Newport@raveis.com"
The Dowd Team,"47 Valley Rd, Middletown, RI 02842",Real estate agent,(401) 864-4488,"connor@dowdteam.com,meg@dowdteam.com,kaylan@dowdteam.com,285-HOME📩info@dowdteam.com"
Residential Properties Ltd.,"271 Main St, Wakefield, RI 02879",Real estate agent,(401) 783-2474,"Listings@residentialproperties.com,dzangari@residentialproperties.com,sfilho@prusikgroup.com,clientservices@residentialproperties.com,Ecournoyer@residentialproperties.com,emessier@residentialproperties.com,listings@residentialproperties.com,consular.ankara@nje.go.tz"
Lila Delman Compass | Real Estate,"19 Narragansett Ave, Jamestown, RI 02835",Real estate agent,(401) 423-3440,"linda.cody@liladelman.com,linda.kaley@liladelman.com,cody@liladelman.com,Details@LilaDelman.com,website@liladelman.com,kate.leonard@liladelman.com,larry.burns@liladelman.com,leonard@liladelman.com,burns@liladelman.com"
Kirby & Kirby,"221 3rd St, Newport, RI 02840",Real estate,(401) 324-0048,"molly@kirbykirby.com,rory@kirbykirby.com,steve@kirbykirby.com,hello@kirbykirby.com,Hello@kirbykirby.com"
"Sandi Warner, Warner Realty Group","358 Broadway, Newport, RI 02840",Real estate agent,(401) 236-8685,consular.ankara@nje.go.tz
Compass Real Estate,"4009 Old Post Rd, Charlestown, RI 02813",Real estate agent,(401) 364-3388,"press@compass.com,opt-out@compass.com,optout@compass.com,feedback@compass.com,notices@compass.com,info@compass.com,Email：sales@websensor.com,robert.peters@compass.com,tc@compass.com,jamie.cantor@compass.com"
Sheil Readyhough Team,"313 Main St, Wakefield, RI 02879",Real estate agent,(401) 932-6597,"legal@serhant.com,serafima@serhant.com,contact@support.shop.serhant.com,hello@serhant.com,stevie.castellani@serhant.com,First@serhant.com,jdoe@serhant.com,ryan@serhant.com,brian@serhant.com,marion@serhant.com,jesse@serhant.com,419manhattan@serhant.com,genessis.miranda@Serhant.com,luis@serhant.com,travisshea@serhant.com,jake@serhant.com,natalia.r@serhant.com,mj@serhant.com"
Lila Delman Compass | Real Estate,"2 Marlborough St, Newport, RI 02840",Real estate agent,(401) 848-2101,"linda.cody@liladelman.com,linda.kaley@liladelman.com,cody@liladelman.com,Details@LilaDelman.com,website@liladelman.com,kate.leonard@liladelman.com,larry.burns@liladelman.com,leonard@liladelman.com,burns@liladelman.com"
Flagship Real Estate Advisors | Forbes Global Properties,"28 Caswell St, Narragansett, RI 02882",Real estate agent,(401) 789-2255,
The Connor Dowd Realty Group,"47 Valley Rd, Middletown, RI 02842",Real estate agent,(401) 285-4663,"connor@dowdteam.com,meg@dowdteam.com,kaylan@dowdteam.com,285-HOME📩info@dowdteam.com"
"Wallander Realty, LLC","1 Charlestown Beach Rd, Charlestown, RI 02813",Real estate agent,(401) 364-3616,
Hogan Associates Christie's International Real Estate,"294 Valley Rd, Middletown, RI 02842",Real estate agent,(401) 680-6588,"info@hoganassociatesre.com,Tom@tomrao.com,tom@hoganassociatesre.com,cd@hoganassociatesre.com"
Starritt-Meister Realty,"805 W James St, Columbus, WI 53925",Real estate agent,(920) 623-3818,"s-mrealty@sbcglobal.net,jonmeister@starritt-meisterrealty.com"
Bridget Horstmann - Real Home Realty- Brokered by Real,"106 Front St, Beaver Dam, WI 53916",Real estate agent,(920) 210-2628,
Tri-County Real Estate,"207 S Ludington St, Columbus, WI 53925",Real estate agent,(920) 210-9866,
Mandi Saucerman Real Estate,"718 Park Ave, Beaver Dam, WI 53916",Real estate agent,(920) 887-1700,
Nehls Realty,"305 W State St, Fox Lake, WI 53933",Real estate agent,(920) 928-2548,"sold@nehlsrealty.com,tim@nehlsrealty.com,tnehls26@hotmail.com,info@cls-ltd.com"
Dare to Dream Team,"115 S Ludington St, Columbus, WI 53925",Real estate agent,(920) 623-5100,"linda@daretodreamproperties.com,support@luxurypresence.com"
RE/MAX Preferred: Columbus,"Private Address in Elba, Wisconsin",Real estate agent,(608) 276-8110,
RE/MAX PRIME,"308 S Center St, Beaver Dam, WI 53916",Real estate agent,(920) 219-9989,
Klodowski Real Estate,"N8053 WI-33, Beaver Dam, WI 53916",Real estate agent,(920) 219-9212,consumerprivacy@boomtownroi.com
Keystone Realty,"699 S Main St, Fall River, WI 53932",Real estate agent,(920) 484-8006,
Dana Hecker Real Estate Agent - Coldwell Banker Realty,"106 Front St, Beaver Dam, WI 53916",Real estate agent,(920) 210-3000,"dana.hecker@cbrealty.com,dataprivacy@anywhere.re,djane@coldwellbankerhomes.com"
Glenna Vilmin/RE/MAX PRIME,"308 S Center St, Beaver Dam, WI 53916",Real estate agent,(920) 382-8347,
CENTURY 21 Affiliated,"215 N Spring St, Beaver Dam, WI 53916",Real estate agent,(920) 885-3312,"noreply@c21affiiliated.com,helpdesk@c21affiliated.com,dataprivacy@anywhere.re,DMCA@haynesboone.com,learning@c21affiliated.com,firstname.lastname@c21affiliated.com,c21support@century21.com,kelly.coenen@c21affiliated.com,kamren.arena@c21affiliated.com,Ramona.Maney@cox.net,sbratz@c21affiliated.com,Amanda.Lewis@c21affiliated.com,Kelli.Licht@c21affiliated.com"
Rose Legacy Real Estate L.L.C,"150 N Ludington St, Columbus, WI 53925",Real estate agent,(920) 210-2121,"troselegacy@gmail.com,compliance@placester.com"
Agent Angela Noltimier - Coldwell Banker Realty,"121 Front St, Beaver Dam, WI 53916",Real estate agent,(773) 251-8066,"alicebarcellos601@gmail.com,angela.noltimier@cbrealty.com,privacy@moxiworks.com,DMCA@haynesboone.com"
"Betty Long, Tri-County Real Estate, Inc.","207 S Ludington St, Columbus, WI 53925",Real estate agent,(920) 623-2555,"FLast@homesnap.com,support@homesnap.com,support@citysnap.com"
Budde Realty,"112 1/2 S Spring St, Beaver Dam, WI 53916",Real estate agent,(920) 319-6066,*** Waiting for processing ***
"Base Camp Country Real Estate - Kyle Schoonover, Wisconsin","Private Address in Randolph, Wisconsin",Real estate agent,(920) 410-3272,*** Waiting for processing ***
Wyndham Townhomes,"1000 S Lincoln Ave, Beaver Dam, WI 53916",Apartments,(920) 887-9955,*** Waiting for processing ***